Workbook

Sheet Cover
A1: Tejaswini Dondeti — Portfolio Sample • tejaswinidondeti.github.io • Read-only preview — please do not edit or redistribute
A2: TechStart Inc.
A3: Information Security Risk Register
A4: Cloud Migration Program — ISO/IEC 27001:2022 & NIST CSF
A6: Document ID: | B6: TS-ISMS-RR-001
A7: Version: | B7: 1.0
A8: Assessment Date: | B8: Q3 2024
A9: Risk Owner: | B9: CISO / GRC Lead
A10: Scope: | B10: Migration of 5M+ record customer database from on-premises to AWS; associated IAM, data pipeline, and business continuity workstreams
A11: Methodology: | B11: ISO 31000:2018 risk management; 5x5 likelihood × impact matrix; risk treatment per ISO/IEC 27005; controls mapped to ISO 27001:2022 Annex A and NIST CSF v1.1
A12: Scoring: | B12: Likelihood 1–5 (Rare → Almost Certain); Impact 1–5 (Negligible → Catastrophic); Risk Score = L × I; Risk Level: 1-4 Low, 5-9 Medium, 10-14 Medium-High, 15-19 High, 20-25 Critical
A13: Acceptance: | B13: Risk owner signoff required for all Critical and High residual risks; Board Risk & Audit Committee notified of any residual Critical
A15: Risk Level Legend
A16: Critical (20-25) | B16: Immediate action required; stop migration phase until treated
A17: High (15-19) | B17: Treat within current sprint; escalate to CISO
A18: Medium-High (10-14) | B18: Treat before cutover; formal treatment plan required
A19: Medium (5-9) | B19: Treat or accept with owner signoff; track in register
A20: Low (1-4) | B20: Accept and monitor; review annually
A22: Risk Summary (live counts)
A23: Total risks identified: | B23: =COUNTA(Register!A4:A50)-COUNTIF(Register!A4:A50,"")
A24: Inherent Critical: | B24: =COUNTIF(Register!H4:H50,"Critical")
A25: Inherent High: | B25: =COUNTIF(Register!H4:H50,"High")
A26: Residual Critical: | B26: =COUNTIF(Register!N4:N50,"Critical")
A27: Residual High: | B27: =COUNTIF(Register!N4:N50,"High")
A28: Residual Medium-High or below: | B28: =COUNTIF(Register!N4:N50,"Medium-High")+COUNTIF(Register!N4:N50,"Medium")+COUNTIF(Register!N4:N50,"Low")

Sheet Register
A1: Tejaswini Dondeti — Portfolio Sample • tejaswinidondeti.github.io • Read-only preview — please do not edit or redistribute
A2: Risk Register — TechStart Cloud Migration
A4: Risk ID | B4: Risk Title | C4: Risk Description | D4: Asset Affected | E4: Inherent Likelihood (1-5) | F4: Inherent Impact (1-5) | G4: Inherent Score | H4: Inherent Level | I4: Treatment Strategy | J4: Control(s) — ISO 27001 Annex A | K4: NIST CSF Function | L4: Risk Owner | M4: Residual Likelihood (1-5) | N4: Residual Impact (1-5) | O4: Residual Score | P4: Residual Level
A5: R-01 | B5: Unauthorized access to customer database during migration | C5: Misconfigured IAM policies, weak credentials, or exposed endpoints during DMS migration expose 5M+ customer PII records to unauthorized access (external attacker or internal actor). Exploitation leads to data exfiltration and regulatory breach. | D5: Customer PII Database (RDS) | E5: 4 | F5: 5 | G5: =E4*F4 | H5: =IF(G4>=20,"Critical",IF(G4>=15,"High",IF(G4>=10,"Medium-High",IF(G4>=5,"Medium","Low")))) | I5: Treat (Mitigate) | J5: A.5.15 Access control; A.5.17 Authentication information; A.8.2 Privileged access rights; A.8.5 Secure authentication; A.8.24 Cryptography | K5: Protect (PR.AC, PR.DS) | L5: CISO / Cloud Platform Lead | M5: 2 | N5: 4 | O5: =M4*N4 | P5: =IF(O4>=20,"Critical",IF(O4>=15,"High",IF(O4>=10,"Medium-High",IF(O4>=5,"Medium","Low"))))
A6: R-02 | B6: IAM misconfiguration granting excessive privileges | C6: Overly permissive IAM roles, wildcard actions, or forgotten break-glass accounts create paths to privilege escalation across the AWS Organization. A single misconfiguration could allow lateral movement to production RDS. | D6: AWS IAM Identity Layer | E6: 4 | F6: 5 | G6: =E5*F5 | H6: =IF(G5>=20,"Critical",IF(G5>=15,"High",IF(G5>=10,"Medium-High",IF(G5>=5,"Medium","Low")))) | I6: Treat (Mitigate) | J6: A.5.15 Access control; A.5.16 Identity management; A.8.2 Privileged access rights; A.8.3 Information access restriction | K6: Protect (PR.AC); Detect (DE.CM) | L6: Cloud Platform Lead | M6: 1 | N6: 5 | O6: =M5*N5 | P6: =IF(O5>=20,"Critical",IF(O5>=15,"High",IF(O5>=10,"Medium-High",IF(O5>=5,"Medium","Low"))))
A7: R-03 | B7: Data corruption during migration pipeline | C7: DMS replication lag, schema mismatch, or network interruption causes data integrity loss (dropped rows, truncated fields) during the cutover window. Affects referential integrity and downstream reporting. | D7: DMS Migration Pipeline; Customer PII DB | E7: 3 | F7: 5 | G7: =E6*F6 | H7: =IF(G6>=20,"Critical",IF(G6>=15,"High",IF(G6>=10,"Medium-High",IF(G6>=5,"Medium","Low")))) | I7: Treat (Mitigate) | J7: A.8.13 Information backup; A.8.14 Redundancy; A.5.30 ICT readiness for BC; A.8.24 Cryptography (integrity) | K7: Protect (PR.DS); Recover (RC.RP) | L7: DBA / Cloud Platform Lead | M7: 2 | N7: 3 | O7: =M6*N6 | P7: =IF(O6>=20,"Critical",IF(O6>=15,"High",IF(O6>=10,"Medium-High",IF(O6>=5,"Medium","Low"))))
A8: R-04 | B8: Data residency violation under GDPR / customer DPAs | C8: Default AWS multi-region replication or misconfigured backup destinations send EU customer PII outside approved regions, violating GDPR Article 44-49 and contractual DPA terms. Leads to regulatory fines and customer contract breach. | D8: Customer PII Database; Backup Snapshots | E8: 3 | F8: 4 | G8: =E7*F7 | H8: =IF(G7>=20,"Critical",IF(G7>=15,"High",IF(G7>=10,"Medium-High",IF(G7>=5,"Medium","Low")))) | I8: Treat (Mitigate) | J8: A.5.31 Legal/regulatory requirements; A.5.34 Privacy and protection of PII; A.5.23 Information security for cloud services; A.8.10 Information deletion | K8: Identify (ID.GV); Protect (PR.DS) | L8: DPO / Legal | M8: 2 | N8: 2 | O8: =M7*N7 | P8: =IF(O7>=20,"Critical",IF(O7>=15,"High",IF(O7>=10,"Medium-High",IF(O7>=5,"Medium","Low"))))
A9: R-05 | B9: Service disruption during cutover window | C9: Cutover fails or exceeds planned 4-hour window; customers experience outage exceeding SLA. Causes revenue loss, SLA credit obligations, and reputational damage. Rollback path exists but adds 6 more hours of downtime. | D9: Customer-facing SaaS Platform | E9: 3 | F9: 4 | G9: =E8*F8 | H9: =IF(G8>=20,"Critical",IF(G8>=15,"High",IF(G8>=10,"Medium-High",IF(G8>=5,"Medium","Low")))) | I9: Treat (Mitigate) | J9: A.5.30 ICT readiness for BC; A.8.14 Redundancy; A.8.13 Information backup; A.5.24 Incident management | K9: Respond (RS.RP); Recover (RC.RP) | L9: VP Engineering | M9: 2 | N9: 2 | O9: =M8*N8 | P9: =IF(O8>=20,"Critical",IF(O8>=15,"High",IF(O8>=10,"Medium-High",IF(O8>=5,"Medium","Low"))))
A10: R-06 | B10: Insufficient logging and monitoring coverage post-migration | C10: Gaps in CloudTrail, VPC Flow Log, or application log collection during transition mean security events in the new environment go undetected. First 90 days post-cutover are highest risk. | D10: AWS Production Environment | E10: 3 | F10: 4 | G10: =E9*F9 | H10: =IF(G9>=20,"Critical",IF(G9>=15,"High",IF(G9>=10,"Medium-High",IF(G9>=5,"Medium","Low")))) | I10: Treat (Mitigate) | J10: A.8.15 Logging; A.8.16 Monitoring activities; A.5.25 Assessment of security events | K10: Detect (DE.CM, DE.AE) | L10: SRE / Cloud Platform Lead | M10: 2 | N10: 3 | O10: =M9*N9 | P10: =IF(O9>=20,"Critical",IF(O9>=15,"High",IF(O9>=10,"Medium-High",IF(O9>=5,"Medium","Low"))))
A11: R-07 | B11: Vendor concentration and supply-chain dependency on AWS | C11: Over-reliance on AWS creates single-provider risk; regional outage or policy change could disrupt service. Exit cost and portability are limited. | D11: AWS Provider | E11: 2 | F11: 4 | G11: =E10*F10 | H11: =IF(G10>=20,"Critical",IF(G10>=15,"High",IF(G10>=10,"Medium-High",IF(G10>=5,"Medium","Low")))) | I11: Accept (with monitoring) | J11: A.5.19 Supplier relationships; A.5.21 ICT supply chain; A.5.22 Monitoring of supplier services | K11: Identify (ID.SC) | L11: CISO / Legal | M11: 2 | N11: 4 | O11: =M10*N10 | P11: =IF(O10>=20,"Critical",IF(O10>=15,"High",IF(O10>=10,"Medium-High",IF(O10>=5,"Medium","Low"))))

Sheet Heat Map - Inherent
A1: Tejaswini Dondeti — Portfolio Sample • tejaswinidondeti.github.io • Read-only preview — please do not edit or redistribute
A2: 5x5 Risk Heat Map — Inherent Risk
A4: Likelihood →
C5: 1 - Rare | D5: 2 - Unlikely | E5: 3 - Possible | F5: 4 - Likely | G5: 5 - Almost Certain
B6: 5 - Catastrophic | C6: 5 | D6: 10 | E6: R-03 (score 15) | F6: R-01 R-02 (score 20) | G6: 25
B7: 4 - Major | C7: 4 | D7: R-07 (score 8) | E7: R-04 R-05 R-06 (score 12) | F7: 16 | G7: 20
B8: 3 - Moderate | C8: 3 | D8: 6 | E8: 9 | F8: 12 | G8: 15
A9: ↑ Impact | B9: 2 - Minor | C9: 2 | D9: 4 | E9: 6 | F9: 8 | G9: 10
B10: 1 - Negligible | C10: 1 | D10: 2 | E10: 3 | F10: 4 | G10: 5
B12: Legend
B13: Critical (20-25)
B14: High (15-19)
B15: Medium-High (10-14)
B16: Medium (5-9)
B17: Low (1-4)

Sheet Heat Map - Residual
A1: Tejaswini Dondeti — Portfolio Sample • tejaswinidondeti.github.io • Read-only preview — please do not edit or redistribute
A2: 5x5 Risk Heat Map — Residual Risk (post-treatment)
A4: Likelihood →
C5: 1 - Rare | D5: 2 - Unlikely | E5: 3 - Possible | F5: 4 - Likely | G5: 5 - Almost Certain
B6: 5 - Catastrophic | C6: R-02 (score 5) | D6: 10 | E6: 15 | F6: 20 | G6: 25
B7: 4 - Major | C7: 4 | D7: R-01 R-07 (score 8) | E7: 12 | F7: 16 | G7: 20
B8: 3 - Moderate | C8: 3 | D8: R-03 R-06 (score 6) | E8: 9 | F8: 12 | G8: 15
A9: ↑ Impact | B9: 2 - Minor | C9: 2 | D9: R-04 R-05 (score 4) | E9: 6 | F9: 8 | G9: 10
B10: 1 - Negligible | C10: 1 | D10: 2 | E10: 3 | F10: 4 | G10: 5
B12: Legend
B13: Critical (20-25)
B14: High (15-19)
B15: Medium-High (10-14)
B16: Medium (5-9)
B17: Low (1-4)

Sheet Scoring Criteria
A1: Tejaswini Dondeti — Portfolio Sample • tejaswinidondeti.github.io • Read-only preview — please do not edit or redistribute
A2: Likelihood and Impact Scoring Criteria
A4: Likelihood
A5: Rating | B5: Label | C5: Annual Probability | D5: Description
A6: 1 | B6: Rare | C6: < 5% | D6: Event unlikely to occur during migration phase; no known precedent.
A7: 2 | B7: Unlikely | C7: 5–25% | D7: Event could occur but requires coincidence of factors or motivated attacker.
A8: 3 | B8: Possible | C8: 25–50% | D8: Event has occurred in comparable organizations; should be planned for.
A9: 4 | B9: Likely | C9: 50–75% | D9: Event has occurred previously at TechStart or is common in cloud migrations.
A10: 5 | B10: Almost Certain | C10: > 75% | D10: Event is expected to occur without active control intervention.
A12: Impact
A13: Rating | B13: Label | C13: Financial | D13: Operational / Reputational / Regulatory
A14: 1 | B14: Negligible | C14: < $10K | D14: Minimal disruption; internal only; no regulatory or customer impact.
A15: 2 | B15: Minor | C15: $10K–$100K | D15: Short disruption (< 1h); minor customer inconvenience; internal remediation.
A16: 3 | B16: Moderate | C16: $100K–$1M | D16: Service degradation 1–4h; customer complaints; possible SLA credits.
A17: 4 | B17: Major | C17: $1M–$10M | D17: Outage > 4h; significant customer contract exposure; regulator notification; media coverage.
A18: 5 | B18: Catastrophic | C18: > $10M | D18: Mass data breach; regulatory fines (GDPR up to 4% global revenue); loss of customer trust; existential threat.
