Workbook

Sheet Cover
A1: Tejaswini Dondeti — Portfolio Sample • tejaswinidondeti.github.io • Read-only preview — please do not edit or redistribute
A2: TechStart Inc.
A3: Risk Remediation Tracker
A4: Cloud Migration — ISO/IEC 27001:2022 Risk Treatment
A6: Document ID: | B6: TS-ISMS-RT-001
A7: Version: | B7: 1.0
A8: Last Updated: | B8: Q3 2024 (weekly review)
A9: Owner: | B9: GRC Lead / PMO
A10: Linked Documents: | B10: TS-ISMS-RR-001 Risk Register; TS-ISMS-SOA-001 Statement of Applicability
A11: Review Cadence: | B11: Weekly during migration; biweekly post-cutover; monthly steady-state
A12: Escalation: | B12: Any Blocked or P1 overdue item escalates to CISO; Board notification if unresolved > 30 days
A14: Status Legend
A15: Not Started
A16: In Progress
A17: Blocked
A18: Completed
A19: Verified
A21: Summary (live counts)
A22: Total remediation items: | B22: =COUNTA(Tracker!A4:A100)-COUNTIF(Tracker!A4:A100,"")
A23: Not Started: | B23: =COUNTIF(Tracker!J4:J100,"Not Started")
A24: In Progress: | B24: =COUNTIF(Tracker!J4:J100,"In Progress")
A25: Blocked: | B25: =COUNTIF(Tracker!J4:J100,"Blocked")
A26: Completed: | B26: =COUNTIF(Tracker!J4:J100,"Completed")
A27: Verified: | B27: =COUNTIF(Tracker!J4:J100,"Verified")
A28: Percent Complete: | B28: =IFERROR((COUNTIF(Tracker!J4:J100,"Completed")+COUNTIF(Tracker!J4:J100,"Verified"))/(COUNTA(Tracker!A4:A100)-COUNTIF(Tracker!A4:A100,"")),0)

Sheet Tracker
A1: Tejaswini Dondeti — Portfolio Sample • tejaswinidondeti.github.io • Read-only preview — please do not edit or redistribute
A2: Risk Remediation Tracker
A4: Task ID | B4: Linked Risk | C4: Task Title | D4: Description / Deliverable | E4: Linked Control(s) — Annex A | F4: Priority | G4: Owner | H4: Target Date | I4: Completion Date | J4: Status | K4: % Complete | L4: Evidence Link | M4: Notes
A5: T-001 | B5: R-01 | C5: Enforce MFA on all AWS console users | D5: Okta-enforced MFA via SAML federation; no exceptions. Configure IAM deny-all-without-MFA policy. | E5: A.5.17; A.8.5 | F5: P1 - Critical | G5: Cloud Platform Lead | H5: 2024-08-15 | I5: 2024-08-12 | J5: Verified | K5: 1 | L5: Okta admin export + IAM policy in Terraform PR #412 | M5: Verified via access-review screenshot.
A6: T-002 | B6: R-01 | C6: Deploy RDS encryption and KMS key policies | D6: KMS CMK with least-privilege policy; RDS encryption at rest enabled; PI key rotation annual. | E6: A.8.24; A.5.33 | F6: P1 - Critical | G6: DBA | H6: 2024-08-20 | I6: 2024-08-18 | J6: Verified | K6: 1 | L6: KMS key ARN + RDS modify-db log | M6: Cross-account usage denied by SCP.
A7: T-003 | B7: R-01 | C7: Implement CloudTrail organization trail with S3 Object Lock | D7: Org-wide CloudTrail to dedicated logging account; S3 bucket with Object Lock (WORM) 365-day retention. | E7: A.5.28; A.8.15 | F7: P1 - Critical | G7: SRE | H7: 2024-08-25 | I7: 2024-08-24 | J7: Completed | K7: 1 | L7: CloudTrail ARN; S3 bucket policy | M7: Verification pending GRC review.
A8: T-004 | B8: R-01 | C8: Database activity monitoring (DAM) rollout | D8: Enable RDS enhanced monitoring + Performance Insights; forward anomalous queries to SIEM. | E8: A.8.16; A.5.25 | F8: P2 - High | G8: DBA / SRE | H8: 2024-09-30 | J8: In Progress | K8: 0.6 | M8: SIEM onboarding backlog item SEC-221.
A9: T-005 | B9: R-02 | C9: Enable IAM Access Analyzer org-wide | D9: Deploy Access Analyzer in all member accounts; findings routed to Security Slack channel. | E9: A.5.15; A.8.2 | F9: P1 - Critical | G9: Cloud Platform Lead | H9: 2024-08-10 | I9: 2024-08-09 | J9: Verified | K9: 1 | L9: Access Analyzer console export; Terraform module
A10: T-006 | B10: R-02 | C10: Implement Service Control Policies (SCPs) | D10: Deny dangerous actions (root user access, disabling CloudTrail, modifying IAM without MFA) at Organization level. | E10: A.5.15; A.8.22 | F10: P1 - Critical | G10: Cloud Platform Lead | H10: 2024-08-15 | I10: 2024-08-14 | J10: Verified | K10: 1 | L10: SCP JSON in IaC repo | M10: Reviewed by external auditor in pre-assessment.
A11: T-007 | B11: R-02 | C11: Remove wildcard IAM policies from legacy roles | D11: Audit all IAM policies, replace Action: "*" with scoped permissions; document exceptions. | E11: A.8.2; A.8.3 | F11: P1 - Critical | G11: Cloud Platform Lead | H11: 2024-08-30 | I11: 2024-08-28 | J11: Completed | K11: 1 | L11: Policy diff report | M11: 5 exceptions documented with owner signoff.
A12: T-008 | B12: R-02 | C12: Quarterly IAM access review process | D12: Document process; first review scheduled post-cutover. Automated report via Access Analyzer + Okta report. | E12: A.5.18 | F12: P2 - High | G12: GRC Lead | H12: 2024-10-15 | J12: In Progress | K12: 0.4 | M12: SOP drafted; first cycle pending.
A13: T-009 | B13: R-03 | C13: DMS replication validation with checksums | D13: Enable DMS validation task; compare row counts and CRC checksums pre/post migration. | E13: A.8.24; A.5.14 | F13: P1 - Critical | G13: DBA | H13: 2024-09-05 | I13: 2024-09-04 | J13: Verified | K13: 1 | L13: DMS validation report | M13: Zero discrepancies across 5M rows.
A14: T-010 | B14: R-03 | C14: Multi-AZ RDS with automated backups (35-day) | D14: Deploy RDS in Multi-AZ with automated backup retention 35 days; cross-region snapshot copy to us-west-2. | E14: A.8.13; A.8.14; A.5.30 | F14: P1 - Critical | G14: DBA | H14: 2024-08-18 | I14: 2024-08-16 | J14: Verified | K14: 1 | L14: RDS config; snapshot-copy rule
A15: T-011 | B15: R-03 | C15: Quarterly restore test | D15: Restore to isolated account, validate schema + row counts, document RTO achieved. | E15: A.8.13; A.5.30 | F15: P2 - High | G15: DBA | H15: 2024-10-30 | J15: Not Started | K15: 0 | M15: First test scheduled for Oct.
A16: T-012 | B16: R-04 | C16: Region-lock SCP for EU customer data | D16: SCP denies resource creation outside approved regions (us-east-1, us-west-2 for US; eu-central-1 for EU). | E16: A.5.31; A.5.23 | F16: P1 - Critical | G16: Cloud Platform Lead / DPO | H16: 2024-08-22 | I16: 2024-08-20 | J16: Verified | K16: 1 | L16: SCP JSON; DPIA update
A17: T-013 | B17: R-04 | C17: Complete DPIA for cloud migration | D17: GDPR Article 35 DPIA; reviewed by DPO and Legal; filed with ROPA. | E17: A.5.34 | F17: P1 - Critical | G17: DPO | H17: 2024-08-10 | I17: 2024-08-08 | J17: Verified | K17: 1 | L17: DPIA v1.2 signed; ROPA entry #D-2024-014
A18: T-014 | B18: R-04 | C18: Update customer DPAs with new sub-processor list | D18: Notify customers of AWS as processor under GDPR Art. 28; update DPA where required. | E18: A.5.20; A.5.31 | F18: P2 - High | G18: Legal | H18: 2024-09-30 | J18: In Progress | K18: 0.7 | M18: 45/200 customers notified; 155 remaining.
A19: T-015 | B19: R-05 | C19: Cutover runbook with rollback steps | D19: Written runbook, rehearsed twice; explicit rollback trigger criteria and timings documented. | E19: A.5.29; A.5.30 | F19: P1 - Critical | G19: VP Engineering | H19: 2024-09-15 | I19: 2024-09-12 | J19: Verified | K19: 1 | L19: Runbook v2.0; dress rehearsal log
A20: T-016 | B20: R-05 | C20: Customer communication plan | D20: Advance notice 30/14/7/1 day; status page; support team scripted. | E20: A.5.24; A.5.26 | F20: P2 - High | G20: Customer Success / Legal | H20: 2024-09-10 | I20: 2024-09-08 | J20: Completed | K20: 1 | L20: Comm plan; draft emails approved | M20: Verification pending comms send.
A21: T-017 | B21: R-05 | C21: Incident response tabletop exercise | D21: Simulate cutover failure, rollback decision, and customer escalation. Document lessons learned. | E21: A.5.26; A.5.27 | F21: P2 - High | G21: CISO / VP Eng | H21: 2024-09-18 | I21: 2024-09-17 | J21: Verified | K21: 1 | L21: Tabletop after-action report | M21: 3 findings opened as follow-ups.
A22: T-018 | B22: R-06 | C22: Deploy centralized log aggregation | D22: All CloudTrail, VPC Flow, and application logs to central S3 + SIEM; 365-day hot + 7-year cold retention. | E22: A.8.15 | F22: P2 - High | G22: SRE | H22: 2024-10-31 | J22: In Progress | K22: 0.5 | M22: S3 architecture complete; SIEM onboarding in flight.
A23: T-019 | B23: R-06 | C23: GuardDuty org-wide with auto-remediation | D23: GuardDuty enabled in all regions and accounts; critical findings trigger Lambda remediation + PagerDuty. | E23: A.8.16; A.5.25 | F23: P2 - High | G23: SRE | H23: 2024-09-25 | I23: 2024-09-22 | J23: Completed | K23: 1 | L23: GuardDuty config; Lambda ARN
A24: T-020 | B24: R-06 | C24: 90-day post-migration monitoring review | D24: Structured review of all security events during first 90 days post-cutover; lessons learned report. | E24: A.5.27; A.8.16 | F24: P3 - Medium | G24: GRC Lead | H24: 2024-12-15 | J24: Not Started | K24: 0 | M24: Scheduled for Dec-2024.
A25: T-021 | B25: R-07 | C25: Document cloud exit strategy | D25: Written exit plan: data egress process, alternative provider shortlist, estimated cost and timeline. | E25: A.5.19; A.5.22 | F25: P3 - Medium | G25: CISO | H25: 2024-11-30 | J25: Not Started | K25: 0 | M25: Risk accepted; documentation underway.
A26: T-022 | B26: Cross | C26: Publish Information Security Policy | D26: Approve and publish core ISMS policy; distribute to all staff; confirm attestation. | E26: A.5.1 | F26: P2 - High | G26: CISO | H26: 2024-09-01 | I26: 2024-08-30 | J26: Verified | K26: 1 | L26: Policy v1.0 signed by CEO
A27: T-023 | B27: Cross | C27: Publish Access Control Policy | D27: Document and distribute; link to IAM SOPs. | E27: A.5.15; A.5.18 | F27: P2 - High | G27: CISO | H27: 2024-09-05 | I27: 2024-09-03 | J27: Verified | K27: 1 | L27: Policy v1.0
A28: T-024 | B28: Cross | C28: Publish Data Classification Policy | D28: Document classification tiers and handling requirements; train staff. | E28: A.5.12; A.5.13 | F28: P2 - High | G28: DPO | H28: 2024-09-10 | I28: 2024-09-08 | J28: Completed | K28: 1 | L28: Policy v1.0 | M28: Training rollout in progress.
A29: T-025 | B29: Cross | C29: Conduct ISO 27001 internal audit | D29: Internal audit against ISMS; document findings; close out before external pre-assessment. | E29: A.5.35; A.5.36 | F29: P3 - Medium | G29: GRC Lead | H29: 2025-02-28 | J29: Not Started | K29: 0 | M29: Scheduled Q1 2025.

Sheet By Risk
A1: Tejaswini Dondeti — Portfolio Sample • tejaswinidondeti.github.io • Read-only preview — please do not edit or redistribute
A2: Remediation Coverage by Risk
A4: Risk ID | B4: Total Tasks | C4: Verified/Completed | D4: In Progress | E4: Not Started/Blocked | F4: % Closure
A5: R-01 | B5: =COUNTIF(Tracker!B4:B100,"R-01") | C5: =COUNTIFS(Tracker!B4:B100,"R-01",Tracker!J4:J100,"Completed")+COUNTIFS(Tracker!B4:B100,"R-01",Tracker!J4:J100,"Verified") | D5: =COUNTIFS(Tracker!B4:B100,"R-01",Tracker!J4:J100,"In Progress") | E5: =COUNTIFS(Tracker!B4:B100,"R-01",Tracker!J4:J100,"Not Started")+COUNTIFS(Tracker!B4:B100,"R-01",Tracker!J4:J100,"Blocked") | F5: =IFERROR(C4/B4,0)
A6: R-02 | B6: =COUNTIF(Tracker!B4:B100,"R-02") | C6: =COUNTIFS(Tracker!B4:B100,"R-02",Tracker!J4:J100,"Completed")+COUNTIFS(Tracker!B4:B100,"R-02",Tracker!J4:J100,"Verified") | D6: =COUNTIFS(Tracker!B4:B100,"R-02",Tracker!J4:J100,"In Progress") | E6: =COUNTIFS(Tracker!B4:B100,"R-02",Tracker!J4:J100,"Not Started")+COUNTIFS(Tracker!B4:B100,"R-02",Tracker!J4:J100,"Blocked") | F6: =IFERROR(C5/B5,0)
A7: R-03 | B7: =COUNTIF(Tracker!B4:B100,"R-03") | C7: =COUNTIFS(Tracker!B4:B100,"R-03",Tracker!J4:J100,"Completed")+COUNTIFS(Tracker!B4:B100,"R-03",Tracker!J4:J100,"Verified") | D7: =COUNTIFS(Tracker!B4:B100,"R-03",Tracker!J4:J100,"In Progress") | E7: =COUNTIFS(Tracker!B4:B100,"R-03",Tracker!J4:J100,"Not Started")+COUNTIFS(Tracker!B4:B100,"R-03",Tracker!J4:J100,"Blocked") | F7: =IFERROR(C6/B6,0)
A8: R-04 | B8: =COUNTIF(Tracker!B4:B100,"R-04") | C8: =COUNTIFS(Tracker!B4:B100,"R-04",Tracker!J4:J100,"Completed")+COUNTIFS(Tracker!B4:B100,"R-04",Tracker!J4:J100,"Verified") | D8: =COUNTIFS(Tracker!B4:B100,"R-04",Tracker!J4:J100,"In Progress") | E8: =COUNTIFS(Tracker!B4:B100,"R-04",Tracker!J4:J100,"Not Started")+COUNTIFS(Tracker!B4:B100,"R-04",Tracker!J4:J100,"Blocked") | F8: =IFERROR(C7/B7,0)
A9: R-05 | B9: =COUNTIF(Tracker!B4:B100,"R-05") | C9: =COUNTIFS(Tracker!B4:B100,"R-05",Tracker!J4:J100,"Completed")+COUNTIFS(Tracker!B4:B100,"R-05",Tracker!J4:J100,"Verified") | D9: =COUNTIFS(Tracker!B4:B100,"R-05",Tracker!J4:J100,"In Progress") | E9: =COUNTIFS(Tracker!B4:B100,"R-05",Tracker!J4:J100,"Not Started")+COUNTIFS(Tracker!B4:B100,"R-05",Tracker!J4:J100,"Blocked") | F9: =IFERROR(C8/B8,0)
A10: R-06 | B10: =COUNTIF(Tracker!B4:B100,"R-06") | C10: =COUNTIFS(Tracker!B4:B100,"R-06",Tracker!J4:J100,"Completed")+COUNTIFS(Tracker!B4:B100,"R-06",Tracker!J4:J100,"Verified") | D10: =COUNTIFS(Tracker!B4:B100,"R-06",Tracker!J4:J100,"In Progress") | E10: =COUNTIFS(Tracker!B4:B100,"R-06",Tracker!J4:J100,"Not Started")+COUNTIFS(Tracker!B4:B100,"R-06",Tracker!J4:J100,"Blocked") | F10: =IFERROR(C9/B9,0)
A11: R-07 | B11: =COUNTIF(Tracker!B4:B100,"R-07") | C11: =COUNTIFS(Tracker!B4:B100,"R-07",Tracker!J4:J100,"Completed")+COUNTIFS(Tracker!B4:B100,"R-07",Tracker!J4:J100,"Verified") | D11: =COUNTIFS(Tracker!B4:B100,"R-07",Tracker!J4:J100,"In Progress") | E11: =COUNTIFS(Tracker!B4:B100,"R-07",Tracker!J4:J100,"Not Started")+COUNTIFS(Tracker!B4:B100,"R-07",Tracker!J4:J100,"Blocked") | F11: =IFERROR(C10/B10,0)
A12: Cross | B12: =COUNTIF(Tracker!B4:B100,"Cross") | C12: =COUNTIFS(Tracker!B4:B100,"Cross",Tracker!J4:J100,"Completed")+COUNTIFS(Tracker!B4:B100,"Cross",Tracker!J4:J100,"Verified") | D12: =COUNTIFS(Tracker!B4:B100,"Cross",Tracker!J4:J100,"In Progress") | E12: =COUNTIFS(Tracker!B4:B100,"Cross",Tracker!J4:J100,"Not Started")+COUNTIFS(Tracker!B4:B100,"Cross",Tracker!J4:J100,"Blocked") | F12: =IFERROR(C11/B11,0)
