Workbook

Sheet Cover
A1: Tejaswini Dondeti — Portfolio Sample • tejaswinidondeti.github.io • Read-only preview — please do not edit or redistribute
B3: MindfulAI Labs
B4: ISO/IEC 42001:2023 Statement of Applicability
B5: AI Management System (AIMS) — Annex A Control Set
B7: Document ID: | C7: MA-AIMS-SOA-001
B8: Version: | C8: 1.0
B9: Effective Date: | C9: March 2026
B10: Document Owner: | C10: AI Governance Lead
B11: Approver: | C11: Chief Executive Officer
B12: Review Cycle: | C12: Annual, plus on material change
B13: Classification: | C13: CONFIDENTIAL
B14: Standard: | C14: ISO/IEC 42001:2023 — AI Management System (Annex A)
B15: Related Frameworks: | C15: NIST AI RMF 1.0; EU AI Act (Reg. 2024/1689); GDPR; PIPEDA; EU MDR
B17: Purpose
B18: This Statement of Applicability (SoA) records — for each control in Annex A of ISO/IEC 42001:2023 — whether the control is applicable to MindfulAI's AI Management System, the justification for applicability or exclusion, the implementation status, the control owner, and supporting evidence. It is the central auditable record linking Annex A controls to MindfulAI's policies and risk register.
B24: How to read this workbook
B25: 1. Cover — this sheet 2. SoA — the full Annex A control list with applicability, justification, status, owner, and evidence 3. Summary — counts and percentages by category and status 4. Legend — definitions of status values and conventions
B31: Note: Self-directed project artifact
B32: This document is part of a self-directed AI governance project and is not an operational document of any real organisation.

Sheet SoA
A1: Tejaswini Dondeti — Portfolio Sample • tejaswinidondeti.github.io • Read-only preview — please do not edit or redistribute
A2: Control ID | B2: Category | C2: Control Name | D2: Control Objective | E2: Applicable (Y/N) | F2: Justification | G2: Implementation Status | H2: Owner | I2: Evidence / Reference | J2: Linked Policy | K2: Linked Risk
A3: A.2.2 | B3: A.2 Policies related to AI | C3: AI policy | D3: A policy for the development or use of AI systems shall be established and approved by top management. | E3: Yes | F3: MindfulAI develops and deploys production AI for healthcare and finance. An enterprise AI policy approved by the CEO is foundational to the AIMS and required by ISO 42001 Clause 5.2. | G3: Implemented | H3: AI Governance Lead | I3: Responsible AI Policy (MA-AIMS-POL-001) approved by CEO; published in policy library. | J3: MA-AIMS-POL-001 | K3: R-01, R-02, R-05, R-06
A4: A.2.3 | B4: A.2 Policies related to AI | C4: Alignment of AI policy with other organizational policies | D4: The AI policy shall be aligned with other relevant organizational policies. | E4: Yes | F4: AI policy must coexist with existing Information Security, Privacy, and Risk policies. | G4: Implemented | H4: AI Governance Lead | I4: Cross-reference matrix in MA-AIMS-POL-001 §10; quarterly policy alignment review. | J4: MA-AIMS-POL-001 | K4: R-04
A5: A.2.4 | B5: A.2 Policies related to AI | C5: Review of AI policy | D5: The AI policy shall be reviewed at planned intervals or when significant changes occur. | E5: Yes | F5: Required under ISO 42001 and for EU AI Act conformity; AI regulations are evolving rapidly. | G5: Implemented | H5: AI Governance Lead | I5: Annual review cycle in policy metadata; ad-hoc trigger on regulatory change. | J5: MA-AIMS-POL-001 | K5: R-02
A6: A.3.2 | B6: A.3 Internal organization | C6: AI roles and responsibilities | D6: Roles and responsibilities for AI shall be defined and allocated. | E6: Yes | F6: Required to operationalize accountability across the AI lifecycle; mirrored by EU AI Act Art. 26 (deployer obligations) and Art. 22 (authorised representative). | G6: Implemented | H6: Chief People Officer | I6: RACI in MA-AIMS-POL-001 §4; AI Ethics Committee Charter; job descriptions updated. | J6: MA-AIMS-POL-001 | K6: R-06
A7: A.3.3 | B7: A.3 Internal organization | C7: Reporting of concerns | D7: The organization shall define and put in place a process to report concerns about the role of AI systems. | E7: Yes | F7: Staff, clinicians, and affected individuals must have a confidential escalation route; also required under EU AI Act Art. 14 and AIDA. | G7: Implemented | H7: AI Governance Lead | I7: Whistleblower channel; dedicated ai-concerns@ mailbox; policy §6 of MA-AIMS-POL-004. | J7: MA-AIMS-POL-004 | K7: R-01, R-06
A8: A.4.2 | B8: A.4 Resources for AI systems | C8: Resource documentation | D8: The organization shall identify and document the resources required for AI system activities. | E8: Yes | F8: Healthcare and financial AI systems require significant compute, data, and specialist human resources. | G8: Implemented | H8: Director of MLOps | I8: AI System Inventory; MLOps platform resource register; annual capacity plan. | J8: MA-AIMS-POL-001 | K8: R-03
A9: A.4.3 | B9: A.4 Resources for AI systems | C9: Data resources | D9: Data resources used for AI systems shall be documented. | E9: Yes | F9: Training and evaluation data quality directly affect bias, accuracy, and regulatory compliance. | G9: Implemented | H9: Chief Data Officer | I9: Data catalogue in AI Training Data Platform; dataset fact sheets; lineage traced end-to-end. | J9: MA-AIMS-POL-003 | K9: R-01, R-04
A10: A.4.4 | B10: A.4 Resources for AI systems | C10: Tooling resources | D10: Tooling for AI system development, testing, and operation shall be documented. | E10: Yes | F10: ML frameworks, MLOps platform, and monitoring tools are in scope. | G10: Implemented | H10: Director of MLOps | I10: Tooling register in MLOps Platform; approved tool list reviewed quarterly. | J10: MA-AIMS-POL-001 | K10: R-03, R-05
A11: A.4.5 | B11: A.4 Resources for AI systems | C11: System and computing resources | D11: System and computing resources shall be documented. | E11: Yes | F11: AWS-hosted compute, storage, and specialised accelerators used for model training and inference. | G11: Implemented | H11: Director of MLOps | I11: AWS account inventory; compute budget tracked monthly; training-job registry. | J11: MA-AIMS-POL-001 | K11: R-03
A12: A.4.6 | B12: A.4 Resources for AI systems | C12: Human resources | D12: Human resources required for AI system activities shall be documented. | E12: Yes | F12: Requires specialist ML engineers, data scientists, clinical advisors, fairness auditors. | G12: Implemented | H12: Chief People Officer | I12: Skills matrix; annual training plan; external clinical advisory board. | J12: MA-AIMS-POL-001 | K12: R-06
A13: A.5.2 | B13: A.5 Assessing impacts | C13: AI system impact assessment process | D13: A process for assessing the impacts of AI systems shall be established. | E13: Yes | F13: EU AI Act Art. 9 (risk management) and Art. 27 (FRIA) require systematic impact assessment. | G13: Implemented | H13: AI Governance Lead | I13: AI Impact Assessment template; gating criterion in MLOps release pipeline. | J13: MA-AIMS-POL-001, POL-002 | K13: R-01, R-02
... A40: A.10.4 | B40: A.10 Third-party and customer relationships | C40: Customers | D40: AI system customers shall be managed. | E40: Yes | F40: Customer onboarding includes deployment training and ongoing support. | G40: Implemented | H40: Customer Success + AI Governance Lead | I40: Customer onboarding SOP; quarterly AI governance review; customer-facing Trust Portal. | J40: MA-AIMS-POL-001 | K40: R-06

Sheet Summary
A1: Tejaswini Dondeti — Portfolio Sample • tejaswinidondeti.github.io • Read-only preview — please do not edit or redistribute
B3: SoA Summary — by Category
B5: Category | C5: Total | D5: Applicable | E5: Implemented | F5: In Progress | G5: Applicability %
B6: A.2 Policies related to AI | C6: =COUNTIF(SoA!B:B,"A.2 Policies related to AI") | D6: =COUNTIFS(SoA!B:B,"A.2 Policies related to AI",SoA!E:E,"Yes") | E6: =COUNTIFS(SoA!B:B,"A.2 Policies related to AI",SoA!G:G,"Implemented") | F6: =COUNTIFS(SoA!B:B,"A.2 Policies related to AI",SoA!G:G,"In Progress") | G6: =IFERROR(D5/C5,0)
B7: A.3 Internal organization | C7: =COUNTIF(SoA!B:B,"A.3 Internal organization") | D7: =COUNTIFS(SoA!B:B,"A.3 Internal organization",SoA!E:E,"Yes") | E7: =COUNTIFS(SoA!B:B,"A.3 Internal organization",SoA!G:G,"Implemented") | F7: =COUNTIFS(SoA!B:B,"A.3 Internal organization",SoA!G:G,"In Progress") | G7: =IFERROR(D6/C6,0)
B8: A.4 Resources for AI systems | C8: =COUNTIF(SoA!B:B,"A.4 Resources for AI systems") | D8: =COUNTIFS(SoA!B:B,"A.4 Resources for AI systems",SoA!E:E,"Yes") | E8: =COUNTIFS(SoA!B:B,"A.4 Resources for AI systems",SoA!G:G,"Implemented") | F8: =COUNTIFS(SoA!B:B,"A.4 Resources for AI systems",SoA!G:G,"In Progress") | G8: =IFERROR(D7/C7,0)
B9: A.5 Assessing impacts | C9: =COUNTIF(SoA!B:B,"A.5 Assessing impacts") | D9: =COUNTIFS(SoA!B:B,"A.5 Assessing impacts",SoA!E:E,"Yes") | E9: =COUNTIFS(SoA!B:B,"A.5 Assessing impacts",SoA!G:G,"Implemented") | F9: =COUNTIFS(SoA!B:B,"A.5 Assessing impacts",SoA!G:G,"In Progress") | G9: =IFERROR(D8/C8,0)
B10: A.6 AI system life cycle | C10: =COUNTIF(SoA!B:B,"A.6 AI system life cycle") | D10: =COUNTIFS(SoA!B:B,"A.6 AI system life cycle",SoA!E:E,"Yes") | E10: =COUNTIFS(SoA!B:B,"A.6 AI system life cycle",SoA!G:G,"Implemented") | F10: =COUNTIFS(SoA!B:B,"A.6 AI system life cycle",SoA!G:G,"In Progress") | G10: =IFERROR(D9/C9,0)
B11: A.7 Data for AI systems | C11: =COUNTIF(SoA!B:B,"A.7 Data for AI systems") | D11: =COUNTIFS(SoA!B:B,"A.7 Data for AI systems",SoA!E:E,"Yes") | E11: =COUNTIFS(SoA!B:B,"A.7 Data for AI systems",SoA!G:G,"Implemented") | F11: =COUNTIFS(SoA!B:B,"A.7 Data for AI systems",SoA!G:G,"In Progress") | G11: =IFERROR(D10/C10,0)
B12: A.8 Information for interested parties | C12: =COUNTIF(SoA!B:B,"A.8 Information for interested parties") | D12: =COUNTIFS(SoA!B:B,"A.8 Information for interested parties",SoA!E:E,"Yes") | E12: =COUNTIFS(SoA!B:B,"A.8 Information for interested parties",SoA!G:G,"Implemented") | F12: =COUNTIFS(SoA!B:B,"A.8 Information for interested parties",SoA!G:G,"In Progress") | G12: =IFERROR(D11/C11,0)
B13: A.9 Use of AI systems | C13: =COUNTIF(SoA!B:B,"A.9 Use of AI systems") | D13: =COUNTIFS(SoA!B:B,"A.9 Use of AI systems",SoA!E:E,"Yes") | E13: =COUNTIFS(SoA!B:B,"A.9 Use of AI systems",SoA!G:G,"Implemented") | F13: =COUNTIFS(SoA!B:B,"A.9 Use of AI systems",SoA!G:G,"In Progress") | G13: =IFERROR(D12/C12,0)
B14: A.10 Third-party and customer relationships | C14: =COUNTIF(SoA!B:B,"A.10 Third-party and customer relationships") | D14: =COUNTIFS(SoA!B:B,"A.10 Third-party and customer relationships",SoA!E:E,"Yes") | E14: =COUNTIFS(SoA!B:B,"A.10 Third-party and customer relationships",SoA!G:G,"Implemented") | F14: =COUNTIFS(SoA!B:B,"A.10 Third-party and customer relationships",SoA!G:G,"In Progress") | G14: =IFERROR(D13/C13,0)
B15: TOTAL | C15: =SUM(C5:C13) | D15: =SUM(D5:D13) | E15: =SUM(E5:E13) | F15: =SUM(F5:F13) | G15: =IFERROR(D14/C14,0)
B17: SoA Summary — by Implementation Status
B18: Status | C18: Count | D18: Share of Applicable
B19: Implemented | C19: =COUNTIF(SoA!G:G,"Implemented") | D19: =IFERROR(C18/COUNTIF(SoA!E:E,"Yes"),0)
B20: In Progress | C20: =COUNTIF(SoA!G:G,"In Progress") | D20: =IFERROR(C19/COUNTIF(SoA!E:E,"Yes"),0)
B21: Planned | C21: =COUNTIF(SoA!G:G,"Planned") | D21: =IFERROR(C20/COUNTIF(SoA!E:E,"Yes"),0)
B22: N/A | C22: =COUNTIF(SoA!G:G,"N/A") | D22: =IFERROR(C21/COUNTIF(SoA!E:E,"Yes"),0)

Sheet Legend
A1: Tejaswini Dondeti — Portfolio Sample • tejaswinidondeti.github.io • Read-only preview — please do not edit or redistribute
B3: Legend
B5: Term | C5: Definition
B6: Applicable (Yes) | C6: The control is within scope of MindfulAI's AIMS and is (or is being) implemented.
B7: Applicable (No) | C7: Control is excluded; justification must be documented (none at present — every Annex A control applies given MindfulAI's scope).
B8: Implemented | C8: Control is fully operating, with documented evidence, and has been reviewed at least once.
B9: In Progress | C9: Control is partially implemented; remediation is underway with a defined target date.
B10: Planned | C10: Control is in scope but not yet started; included in the roadmap.
B11: N/A | C11: Control does not apply to the current scope.
B12: Linked Policy | C12: MindfulAI policy ID where the control's normative requirement is codified.
B13: Linked Risk | C13: AI Risk Register entry that this control partially or fully treats.
