Workbook

Sheet Cover
A1: Tejaswini Dondeti — Portfolio Sample • tejaswinidondeti.github.io • Read-only preview — please do not edit or redistribute
B3: MindfulAI Labs
B4: AI Risk Register & Heat Map
B5: Aligned with ISO/IEC 42001:2023, NIST AI RMF 1.0, EU AI Act
B7: Document ID: | C7: MA-AIMS-RR-001
B8: Version: | C8: 1.0
B9: Effective Date: | C9: March 2026
B10: Document Owner: | C10: AI Governance Lead
B11: Approver: | C11: Chief Risk Officer
B12: Review Cycle: | C12: Quarterly; triggered on new AI system, incident, or regulatory change
B13: Classification: | C13: CONFIDENTIAL
B14: Risk Scoring Model: | C14: 5 × 5 Likelihood × Impact matrix
B15: Scope: | C15: All AI systems in MindfulAI's AI Inventory (5 systems)
B17: How this register works
B18: Each risk has an INHERENT score (before controls) and a RESIDUAL score (after current controls). Risk = Likelihood (1–5) × Impact (1–5). Scores ≥15 are Critical; 10–14 High; 5–9 Medium; <5 Low. Sheets: (1) Cover — this page. (2) Risk Register — full risk list. (3) Heat Map — 5x5 matrix views (inherent and residual). (4) NIST AI RMF Mapping — cross-reference to framework functions. (5) Summary — counts and exposure by rating. (6) Legend — scoring scales and treatment types.
B25: Note: Self-directed project artifact
B26: This document is part of a self-directed AI governance project; it is not an operational document of any real organisation.

Sheet Risk Register
A1: Tejaswini Dondeti — Portfolio Sample • tejaswinidondeti.github.io • Read-only preview — please do not edit or redistribute
A2: Risk ID | B2: Title | C2: Category | D2: AI Systems | E2: Owner | F2: Inherent L | G2: Inherent I | H2: Inherent Score | I2: Inherent Rating | J2: Treatment | K2: Treatment Actions | L2: Residual L | M2: Residual I | N2: Residual Score | O2: Residual Rating | P2: Controls | Q2: NIST AI RMF | R2: EU AI Act Articles | S2: Target Date | T2: Status | U2: Description
A3: R-01 | B3: Algorithmic Bias Causing Discriminatory Healthcare Diagnostics | C3: Fairness / Bias | D3: MedVision AI, CreditLens AI | E3: VP of Healthcare AI | F3: 3 | G3: 5 | H3: =F2*G2 | I3: =IF(H2>=15,"Critical",IF(H2>=10,"High",IF(H2>=5,"Medium","Low"))) | J3: Mitigate | K3: 1) Curated diverse training data across 120 institutions / 15 countries; 2) Monthly fairness audits with subgroup sensitivity/specificity reporting; 3) Max 2% sensitivity gap internal tolerance; 4) Blind first-read protocol for MedVision to prevent automation bias; 5) 4/5ths-rule monitoring on CreditLens with Fair Lending Committee review; 6) AI Fairness & Bias Mitigation Policy (MA-AIMS-POL-002) with escalation. | L3: 2 | M3: 3 | N3: =L2*M2 | O3: =IF(N2>=15,"Critical",IF(N2>=10,"High",IF(N2>=5,"Medium","Low"))) | P3: AIC-01, AIC-02, AIC-05 | Q3: MAP-2.3, MEASURE-2.11, MANAGE-2.3 | R3: Art. 10 (data governance); Art. 15 (accuracy & robustness); Art. 9 (risk management) | S3: Ongoing — continuous monitoring | T3: Treated — monitored | U3: MedVision AI may perform differently across demographic groups if training data is not sufficiently representative. A well-documented 2019 healthcare algorithm study (Obermeyer et al., Science) showed racial bias in a widely-used US model. MindfulAI risks include demographic-skewed sensitivity (e.g., 96% for one group and 88% for another), label bias, and under-representation of low-resource populations.
A4: R-02 | B4: Lack of AI Explainability Leading to Regulatory Non-Compliance | C4: Transparency / Explainability | D4: MedVision AI, CreditLens AI | E4: AI Governance Lead | F4: 4 | G4: 4 | H4: =F3*G3 | I4: =IF(H3>=15,"Critical",IF(H3>=10,"High",IF(H3>=5,"Medium","Low"))) | J4: Mitigate | K4: 1) Layered explainability framework (technical / deployer / user / affected-individual); 2) Grad-CAM heatmaps + textual findings for MedVision; 3) Plain-language adverse action notices for CreditLens with top-4 reason codes; 4) Model Cards (MA-AIMS-MC-001) published per system; 5) EU AI Act technical file prepared per Annex IV. | L4: 2 | M4: 4 | N4: =L3*M3 | O4: =IF(N3>=15,"Critical",IF(N3>=10,"High",IF(N3>=5,"Medium","Low"))) | P4: AIC-03, AIC-07, AIC-09 | Q4: GOVERN-1.7, MAP-1.5, MEASURE-2.8 | R4: Art. 13 (transparency); Art. 86 (right to explanation); Art. 11 (technical docs) | S4: Q3 2026 (full EU AI Act technical files) | T4: Treated — in progress | U4: EU AI Act Art. 13 requires high-risk AI to be sufficiently transparent; Art. 86 grants individuals a right to explanation. MedVision uses a CNN (black-box); CreditLens uses 142 features in a GBDT. Current explanations exist (Grad-CAM, top-5 features) but are not always consumer-friendly.
A5: R-03 | B5: AI Model Drift Causing Degraded Performance in Production | C5: Reliability / Performance | D5: MedVision AI, CreditLens AI, FraudShield AI | E5: Director of MLOps | F5: 4 | G5: 4 | H5: =F4*G4 | I5: =IF(H4>=15,"Critical",IF(H4>=10,"High",IF(H4>=5,"Medium","Low"))) | J5: Mitigate | K5: 1) Continuous drift detection (KL-divergence, PSI) with alerting; 2) Demographic-stratified performance monitoring; 3) Monthly FraudShield retraining; 6-monthly CreditLens recalibration; 4) Shadow-mode and canary deployments via MLOps platform; 5) Automated rollback on metric SLO breach. | L5: 2 | M5: 3 | N5: =L4*M4 | O5: =IF(N4>=15,"Critical",IF(N4>=10,"High",IF(N4>=5,"Medium","Low"))) | P5: AIC-06, AIC-08 | Q5: MEASURE-2.4, MEASURE-3.1, MANAGE-4.1 | R5: Art. 9 (risk management); Art. 15 (robustness); Art. 17 (quality management) | S5: Ongoing — continuous monitoring | T5: Treated — monitored | U5: Data drift, concept drift, and performance drift can silently degrade models. MedVision trained on specific scanner models degrades when hospitals upgrade. CreditLens trained pre-pandemic may have invalidated assumptions. FraudShield needs to outpace monthly-evolving fraud tactics.
A6: R-04 | B6: Training Data Privacy Violations Under GDPR and PIPEDA | C6: Privacy / Data Protection | D6: AI Training Data Platform; all downstream models | E6: Chief Data Officer | F6: 3 | G6: 4 | H6: =F5*G5 | I6: =IF(H5>=15,"Critical",IF(H5>=10,"High",IF(H5>=5,"Medium","Low"))) | J6: Mitigate | K6: 1) DPIA per dataset; Article 30 records of processing; 2) IRB/REB approvals tracked per contributing institution; 3) Standard Contractual Clauses + supplementary measures for EU→Canada transfers; 4) Differential-privacy + pseudonymisation on training data where feasible; 5) Documented erasure procedure (retrain-without + output suppression); 6) AI Data Governance & Privacy Policy (MA-AIMS-POL-003). | L6: 2 | M6: 2 | N6: =L5*M5 | O6: =IF(N5>=15,"Critical",IF(N5>=10,"High",IF(N5>=5,"Medium","Low"))) | P6: AIC-05, AIC-10 | Q6: GOVERN-1.1, MAP-4.1, MANAGE-2.2 | R6: GDPR Art. 5, 6, 9, 17, 25, 30, 32, 35, 44-49; PIPEDA; EU AI Act Art. 10 | S6: Q2 2026 (erasure SOP); ongoing | T6: Treated — in progress | U6: Training data includes 2.8M medical images and 8.5M credit records — all personal data under GDPR and PIPEDA. Risks: consent scope, purpose limitation, cross-border transfer (Chapter V), data minimisation, and right-to-erasure against trained weights.
A7: R-05 | B7: Insufficient Human Oversight — Automation Bias & Accountability Gap | C7: Human Oversight / Accountability | D7: MedVision AI, CreditLens AI, FraudShield AI | E7: AI Governance Lead | F7: 3 | G7: 5 | H7: =F6*G6 | I7: =IF(H6>=15,"Critical",IF(H6>=10,"High",IF(H6>=5,"Medium","Low"))) | J7: Mitigate | K7: 1) Blind-first-read protocol for MedVision radiologists; 2) Mandatory human decision for CreditLens >$50K and all denials; 3) Tiered automation for FraudShield with <100ms human-review routing; 4) Override logging with reason codes; quarterly automation-bias audits; 5) Annual human-factors training for all deployed users; 6) Explicit accountability matrix in customer contracts. | L7: 2 | M7: 3 | N7: =L6*M6 | O7: =IF(N6>=15,"Critical",IF(N6>=10,"High",IF(N6>=5,"Medium","Low"))) | P7: AIC-04, AIC-07 | Q7: GOVERN-1.3, GOVERN-1.5, MANAGE-1.3 | R7: Art. 14 (human oversight); Art. 26 (deployer obligations) | S7: Q2 2026 (override audit dashboard) | T7: Treated — in progress | U7: EU AI Act Art. 14 requires effective human oversight. Risks include automation bias (radiologists deferring to AI), alert fatigue on FraudShield, skill atrophy for clinicians, and ambiguous liability when errors occur.
A8: R-06 | B8: EU AI Act Non-Compliance — Incomplete Conformity Assessment | C8: Regulatory Compliance | D8: MedVision AI, CreditLens AI (high-risk); others as general-purpose AI | E8: AI Governance Lead | F8: 4 | G8: 5 | H8: =F7*G7 | I8: =IF(H7>=15,"Critical",IF(H7>=10,"High",IF(H7>=5,"Medium","Low"))) | J8: Mitigate | K8: 1) Appoint EU Authorised Representative (Art. 22); 2) Complete technical file for each high-risk system per Annex IV; 3) Engage notified body for MedVision conformity assessment (Class IIa MDR + AI Act); 4) Self-assessment file for CreditLens; 5) ISO 42001 certification readiness review; 6) Register systems in EU AI database (Art. 49); 7) Post-market monitoring plan per Art. 72. | L8: 2 | M8: 4 | N8: =L7*M7 | O8: =IF(N7>=15,"Critical",IF(N7>=10,"High",IF(N7>=5,"Medium","Low"))) | P8: AIC-01, AIC-09, AIC-10 | Q8: GOVERN-1.1, GOVERN-4.1, MANAGE-2.1 | R8: Art. 9, 10, 11, 13, 14, 15, 17, 22, 43, 47, 49; Annex IV | S8: Q4 2026 (notified-body engagement); Q2 2027 (CE marking) | T8: Treated — in progress | U8: High-risk AI systems must undergo EU AI Act conformity assessment prior to market placement: technical documentation per Annex IV, risk management system (Art. 9), QMS (Art. 17), registration in the EU database (Art. 49), EU declaration of conformity, and CE marking. MindfulAI currently has documentation gaps, no designated EU authorised representative, and no completed conformity assessment.

Sheet Heat Map
A1: Tejaswini Dondeti — Portfolio Sample • tejaswinidondeti.github.io • Read-only preview — please do not edit or redistribute
B3: Inherent Risk Heat Map (before controls)
C4: 1 | D4: 2 | E4: 3 | F4: 4 | G4: 5
A5: Impact ↑ | B5: 5 | E5: R-01, R-05 | F5: R-06
B6: 4 | E6: R-04 | F6: R-02, R-03
B7: 3
B8: 2
B9: 1
E12: Likelihood →
B14: Residual Risk Heat Map (after current controls)
C15: 1 | D15: 2 | E15: 3 | F15: 4 | G15: 5
A16: Impact ↑ | B16: 5
B17: 4 | D17: R-02, R-06
B18: 3 | D18: R-01, R-03, R-05
B19: 2 | D19: R-04
B20: 1
E23: Likelihood →
B25: Heat Map Legend
B26: Critical (≥15)
B27: High (10–14)
B28: Medium (5–9)
B29: Low (<5)

Sheet NIST AI RMF Mapping
A1: Tejaswini Dondeti — Portfolio Sample • tejaswinidondeti.github.io • Read-only preview — please do not edit or redistribute
A2: Risk ID | B2: Risk Title | C2: NIST AI RMF Subcategories | D2: Function | E2: EU AI Act Articles
A3: R-01 | B3: Algorithmic Bias Causing Discriminatory Healthcare Diagnostics | C3: MAP-2.3, MEASURE-2.11, MANAGE-2.3 | D3: MAP / MEASURE / MANAGE | E3: Art. 10 (data governance); Art. 15 (accuracy & robustness); Art. 9 (risk management)
A4: R-02 | B4: Lack of AI Explainability Leading to Regulatory Non-Compliance | C4: GOVERN-1.7, MAP-1.5, MEASURE-2.8 | D4: GOVERN / MAP / MEASURE | E4: Art. 13 (transparency); Art. 86 (right to explanation); Art. 11 (technical docs)
A5: R-03 | B5: AI Model Drift Causing Degraded Performance in Production | C5: MEASURE-2.4, MEASURE-3.1, MANAGE-4.1 | D5: MEASURE / MANAGE | E5: Art. 9 (risk management); Art. 15 (robustness); Art. 17 (quality management)
A6: R-04 | B6: Training Data Privacy Violations Under GDPR and PIPEDA | C6: GOVERN-1.1, MAP-4.1, MANAGE-2.2 | D6: GOVERN / MAP / MANAGE | E6: GDPR Art. 5, 6, 9, 17, 25, 30, 32, 35, 44-49; PIPEDA; EU AI Act Art. 10
A7: R-05 | B7: Insufficient Human Oversight — Automation Bias & Accountability Gap | C7: GOVERN-1.3, GOVERN-1.5, MANAGE-1.3 | D7: GOVERN / MANAGE | E7: Art. 14 (human oversight); Art. 26 (deployer obligations)
A8: R-06 | B8: EU AI Act Non-Compliance — Incomplete Conformity Assessment | C8: GOVERN-1.1, GOVERN-4.1, MANAGE-2.1 | D8: GOVERN / MANAGE | E8: Art. 9, 10, 11, 13, 14, 15, 17, 22, 43, 47, 49; Annex IV
A11: NIST AI RMF 1.0 — Core Functions
A13: GOVERN | B13: Cultivate a culture of risk management; policies, accountability, training, workforce.
A14: MAP | B14: Establish the context and categorise AI system risks in relation to use, data, and stakeholders.
A15: MEASURE | B15: Analyse, assess, benchmark, and monitor AI risks using quantitative and qualitative methods.
A16: MANAGE | B16: Allocate resources to prioritise, respond to, and monitor identified risks.

Sheet Summary
A1: Tejaswini Dondeti — Portfolio Sample • tejaswinidondeti.github.io • Read-only preview — please do not edit or redistribute
B3: Risk Exposure Summary
B5: Rating | C5: Inherent Count | D5: Residual Count | E5: Reduction | F5: Target
B6: Critical | C6: =COUNTIF('Risk Register'!I2:I7,"Critical") | D6: =COUNTIF('Risk Register'!O2:O7,"Critical") | E6: =C5-D5 | F6: 0
B7: High | C7: =COUNTIF('Risk Register'!I2:I7,"High") | D7: =COUNTIF('Risk Register'!O2:O7,"High") | E7: =C6-D6 | F7: 1
B8: Medium | C8: =COUNTIF('Risk Register'!I2:I7,"Medium") | D8: =COUNTIF('Risk Register'!O2:O7,"Medium") | E8: =C7-D7 | F8: —
B9: Low | C9: =COUNTIF('Risk Register'!I2:I7,"Low") | D9: =COUNTIF('Risk Register'!O2:O7,"Low") | E9: =C8-D8 | F9: —
B10: TOTAL | C10: =SUM(C5:C8) | D10: =SUM(D5:D8) | E10: =C9-D9
B13: Risks by Category
B14: Category | C14: Count | D14: Critical | E14: Avg Residual Score
B15: Fairness / Bias | C15: =COUNTIF('Risk Register'!C2:C7,"Fairness / Bias") | D15: =COUNTIFS('Risk Register'!C2:C7,"Fairness / Bias",'Risk Register'!O2:O7,"Critical") | E15: =IFERROR(AVERAGEIF('Risk Register'!C2:C7,"Fairness / Bias",'Risk Register'!N2:N7),0)
B16: Transparency / Explainability | C16: =COUNTIF('Risk Register'!C2:C7,"Transparency / Explainability") | D16: =COUNTIFS('Risk Register'!C2:C7,"Transparency / Explainability",'Risk Register'!O2:O7,"Critical") | E16: =IFERROR(AVERAGEIF('Risk Register'!C2:C7,"Transparency / Explainability",'Risk Register'!N2:N7),0)
B17: Reliability / Performance | C17: =COUNTIF('Risk Register'!C2:C7,"Reliability / Performance") | D17: =COUNTIFS('Risk Register'!C2:C7,"Reliability / Performance",'Risk Register'!O2:O7,"Critical") | E17: =IFERROR(AVERAGEIF('Risk Register'!C2:C7,"Reliability / Performance",'Risk Register'!N2:N7),0)
B18: Privacy / Data Protection | C18: =COUNTIF('Risk Register'!C2:C7,"Privacy / Data Protection") | D18: =COUNTIFS('Risk Register'!C2:C7,"Privacy / Data Protection",'Risk Register'!O2:O7,"Critical") | E18: =IFERROR(AVERAGEIF('Risk Register'!C2:C7,"Privacy / Data Protection",'Risk Register'!N2:N7),0)
B19: Human Oversight / Accountability | C19: =COUNTIF('Risk Register'!C2:C7,"Human Oversight / Accountability") | D19: =COUNTIFS('Risk Register'!C2:C7,"Human Oversight / Accountability",'Risk Register'!O2:O7,"Critical") | E19: =IFERROR(AVERAGEIF('Risk Register'!C2:C7,"Human Oversight / Accountability",'Risk Register'!N2:N7),0)
B20: Regulatory Compliance | C20: =COUNTIF('Risk Register'!C2:C7,"Regulatory Compliance") | D20: =COUNTIFS('Risk Register'!C2:C7,"Regulatory Compliance",'Risk Register'!O2:O7,"Critical") | E20: =IFERROR(AVERAGEIF('Risk Register'!C2:C7,"Regulatory Compliance",'Risk Register'!N2:N7),0)
B23: Ownership
B24: Owner | C24: Risks Owned | D24: Critical Owned
B25: VP of Healthcare AI | C25: =COUNTIF('Risk Register'!E2:E7,"VP of Healthcare AI") | D25: =COUNTIFS('Risk Register'!E2:E7,"VP of Healthcare AI",'Risk Register'!O2:O7,"Critical")
B26: AI Governance Lead | C26: =COUNTIF('Risk Register'!E2:E7,"AI Governance Lead") | D26: =COUNTIFS('Risk Register'!E2:E7,"AI Governance Lead",'Risk Register'!O2:O7,"Critical")
B27: Director of MLOps | C27: =COUNTIF('Risk Register'!E2:E7,"Director of MLOps") | D27: =COUNTIFS('Risk Register'!E2:E7,"Director of MLOps",'Risk Register'!O2:O7,"Critical")
B28: Chief Data Officer | C28: =COUNTIF('Risk Register'!E2:E7,"Chief Data Officer") | D28: =COUNTIFS('Risk Register'!E2:E7,"Chief Data Officer",'Risk Register'!O2:O7,"Critical")

Sheet Legend
A1: Tejaswini Dondeti — Portfolio Sample • tejaswinidondeti.github.io • Read-only preview — please do not edit or redistribute
B3: Likelihood Scale
B4: Score | C4: Label | D4: Description
B5: 1 | C5: Rare | D5: Could occur only in exceptional circumstances; no known industry occurrences.
B6: 2 | C6: Unlikely | D6: Not expected; occurs less than once per year in comparable organisations.
B7: 3 | C7: Possible | D7: Might occur at some time; has occurred in comparable organisations.
B8: 4 | C8: Likely | D8: Will probably occur in most circumstances within 12 months.
B9: 5 | C9: Almost Certain | D9: Expected to occur; already materialising.
B11: Impact Scale
B12: Score | C12: Label | D12: Description
B13: 1 | C13: Negligible | D13: Minor, easily absorbed; no patient, customer, or regulator impact.
B14: 2 | C14: Minor | D14: Localised issue; minimal customer impact; internal-only.
B15: 3 | C15: Moderate | D15: Customer impact; regulatory attention possible; <$1M financial impact.
B16: 4 | C16: Major | D16: Significant regulatory or customer impact; $1M–$10M; brand damage.
B17: 5 | C17: Severe | D17: Patient safety or existential impact; >$10M; loss of market access; major regulatory penalty.
B20: Treatment Types
B21: Type | C21: When to use | D21: Description
B22: Mitigate | C22: Risk is intolerable and controls can reduce L or I | D22: Apply controls to reduce likelihood or impact to within appetite.
B23: Transfer | C23: Third party is better positioned to bear the risk | D23: Insurance, contractual risk allocation, supplier indemnity.
B24: Avoid | C24: Activity cannot be made acceptable | D24: Stop the activity; do not enter the market; de-scope the feature.
B25: Accept | C25: Residual risk is within appetite | D25: Formally accept with documented rationale and re-review cadence.
